UFI,TAXON_ID,SCIENTIFIC_DISPLAY_NME,COMMON_NME,TAXON_TYPE,RELIABILITY,RATING_INT,RELIABILITY_TXT,REVIEW_COMMENT_TXT,SAMPLING_METHOD_DESC,SURVEY_START_DATE,LATITUDEDD_NUM,LONGITUDEDD_NUM,LAT_LONG_ACCURACYDD_INT,TOTAL_COUNT_INT,BEHAVIOUR,EXTRA_INFORMATION,RECORD_TYPE,PRIMARY_CDE,SV_RECORD_COUNT,STATE_CDE,LGA_UFI,CMA_NO,PARK_ID,SURVEY_ID,SITE_ORIGIN_STATUS_CDE,CREATION_TSP
4040846,10561,Climacteris affinis,White-browed Treecreeper,Passerine birds,Acceptable,0,High reliability,,Bird transect,26/JUN/1997,-34.38819,141.40982,100,1,,,Seen,FAUNA,14,VIC,345,1,,451603,,16/AUG/11 12:00:00.000000000 AM
4040846,10561,Climacteris affinis,White-browed Treecreeper,Passerine birds,Acceptable,0,High reliability,,Bird transect,26/JUN/1997,-34.38819,141.40982,100,1,,,Seen,FAUNA,14,VIC,345,1,,451603,,16/AUG/11 12:00:00.000000000 AM
4040852,10561,Climacteris affinis,White-browed Treecreeper,Passerine birds,Acceptable,0,,,Bird transect,26/JUN/1997,-34.38819,141.40982,100,3,,,Heard,FAUNA,14,VIC,345,1,,451603,,16/AUG/11 12:00:00.000000000 AM
3797630,10561,Climacteris affinis,White-browed Treecreeper,Passerine birds,Acceptable,0,High reliability,,Incidental,01/JUN/1986,-34.41786,141.43391,100,1,,,Observation,FAUNA,10,VIC,345,1,352,581512,,16/AUG/11 12:00:00.000000000 AM
5614847,10561,Climacteris affinis,White-browed Treecreeper,Passerine birds,Acceptable,0,High reliability,,Incidental,15/SEP/2006,-34.53924,141.61473,100,4,,,Seen,FAUNA,4,VIC,345,1,,931108,,16/AUG/11 12:00:00.000000000 AM
6269112,10561,Climacteris affinis,White-browed Treecreeper,Passerine birds,Unconfirmed,,,Suspect wrong treecreeper species code used here.  Should be White-throated (VBA 10558). M.O'B,Timed bird census,02/AUG/2011,-37.90047,145.59856,100,1,,,Heard,FAUNA,9,VIC,311,7,3253,991661,,22/AUG/13 09:44:30.371000000 AM
4634358,10561,Climacteris affinis,White-browed Treecreeper,Passerine birds,Unconfirmed,4,,,Incidental,18/AUG/1990,-38.38399,144.07786,140,,,,Seen,FAUNA,31,VIC,365,5,4710,720499,,16/AUG/11 12:00:00.000000000 AM
5614416,10561,Climacteris affinis,White-browed Treecreeper,Passerine birds,Acceptable,0,High reliability,,Incidental,12/NOV/2006,-35.46219,142.00226,100,2,,,Heard,FAUNA,6,VIC,345,1,3309,931048,,16/AUG/11 12:00:00.000000000 AM
5614417,10561,Climacteris affinis,White-browed Treecreeper,Passerine birds,Acceptable,0,,,Incidental,12/NOV/2006,-35.46219,142.00226,100,1,,,Seen,FAUNA,6,VIC,345,1,3309,931048,,16/AUG/11 12:00:00.000000000 AM
5614761,10561,Climacteris affinis,White-browed Treecreeper,Passerine birds,Acceptable,0,High reliability,,Bird transect,15/SEP/2006,-34.49327,141.54126,100,2,,,Seen,FAUNA,12,VIC,345,1,,931098,,16/AUG/11 12:00:00.000000000 AM
6268751,10561,Climacteris affinis,White-browed Treecreeper,Passerine birds,Unconfirmed,,,Suspect wrong treecreeper species code used here.  Should be White-throated (VBA 10558). M.O'B,Timed bird census,21/NOV/2011,-37.9702,145.66798,100,1,,,Heard,FAUNA,8,VIC,311,7,3329,991618,,22/AUG/13 09:36:53.480000000 AM
6999152,10561,Climacteris affinis,White-browed Treecreeper,Passerine birds,Acceptable,,High reliability,Candidate record HDM 2015,Trap (unspecified),20/JUN/1999,-34.41667,141.43333,100,2,,,Captured and released,FAUNA,1,VIC,345,,352,1117982,,15/APR/16 11:12:40.000000000 AM
7812382,10561,Climacteris affinis,White-browed Treecreeper,Passerine birds,Acceptable,,High reliability,Candidate record HDM 2015,Birds Australia 5km area search,01/NOV/2005,-36.78462,141.75774,100,,,,Observation,FAUNA,73,VIC,332,,,1175553,,03/JUN/16 02:02:30.000000000 PM
9013141,10561,Climacteris affinis,White-browed Treecreeper,Passerine birds,,0,,,Camera - Surveillance/Remote,26/SEP/2018,-34.370547,141.355647,10,2,,,Seen,FAUNA,2,VIC,345,1,352,1747594,indig,12/JAN/19 11:09:17.462000000 AM
3802261,10561,Climacteris affinis,White-browed Treecreeper,Passerine birds,Acceptable,0,High reliability,,Timed bird census,15/OCT/1986,-34.42956,141.44267,100,2,,,Observation,FAUNA,13,VIC,345,1,352,582898,,16/AUG/11 12:00:00.000000000 AM
5614571,10561,Climacteris affinis,White-browed Treecreeper,Passerine birds,Acceptable,0,High reliability,,Incidental,13/NOV/2006,-34.75354,142.68106,100,1,,,Heard,FAUNA,17,VIC,366,1,,931071,,16/AUG/11 12:00:00.000000000 AM
5614717,10561,Climacteris affinis,White-browed Treecreeper,Passerine birds,Acceptable,0,High reliability,,Incidental,14/SEP/2006,-34.45708,141.44151,100,2,,,Seen,FAUNA,6,VIC,345,1,,931089,,16/AUG/11 12:00:00.000000000 AM
5614717,10561,Climacteris affinis,White-browed Treecreeper,Passerine birds,Acceptable,0,High reliability,,Incidental,14/SEP/2006,-34.45708,141.44151,100,2,,,Seen,FAUNA,6,VIC,345,1,,931089,,16/AUG/11 12:00:00.000000000 AM
8579487,10561,Climacteris affinis,White-browed Treecreeper,Passerine birds,,,,,Incidental,04/FEB/2010,-36.89317,147.138601,200,,,,Seen,FAUNA,16,VIC,300,8,3319,1395245,,27/JUL/17 08:11:25.428000000 PM
3807104,10561,Climacteris affinis,White-browed Treecreeper,Passerine birds,Acceptable,0,High reliability,,Timed bird census,02/JUN/1987,-34.39637,141.38919,100,3,,,Observation,FAUNA,10,VIC,345,1,352,585349,,16/AUG/11 12:00:00.000000000 AM
3807116,10561,Climacteris affinis,White-browed Treecreeper,Passerine birds,Acceptable,0,High reliability,,Timed bird census,03/JUN/1987,-34.39637,141.38919,100,1,,,Observation,FAUNA,11,VIC,345,1,352,585350,,16/AUG/11 12:00:00.000000000 AM
5614634,10561,Climacteris affinis,White-browed Treecreeper,Passerine birds,Acceptable,0,High reliability,,Bird transect,14/SEP/2006,-34.37021,141.34057,100,1,,,Heard,FAUNA,10,VIC,345,1,352,931080,,16/AUG/11 12:00:00.000000000 AM
5614852,10561,Climacteris affinis,White-browed Treecreeper,Passerine birds,Acceptable,0,,,Incidental,15/SEP/2006,-34.50682,141.62282,100,1,,,Seen,FAUNA,6,VIC,345,1,,931109,,16/AUG/11 12:00:00.000000000 AM
5614851,10561,Climacteris affinis,White-browed Treecreeper,Passerine birds,Acceptable,0,High reliability,,Incidental,15/SEP/2006,-34.50682,141.62282,100,1,,,Heard,FAUNA,6,VIC,345,1,,931109,,16/AUG/11 12:00:00.000000000 AM
7812441,10561,Climacteris affinis,White-browed Treecreeper,Passerine birds,Acceptable,,High reliability,Candidate record HDM 2015,Birds Australia 2ha search,18/NOV/2007,-34.50833,141.55082,100,1,,,Observation,FAUNA,9,VIC,345,,168,1199435,,03/JUN/16 02:02:30.000000000 PM
3956780,10561,Climacteris affinis,White-browed Treecreeper,Passerine birds,Unconfirmed,4,,,General observations,07/FEB/1993,-37.69853,145.54423,100,,,,Observation,FAUNA,50,VIC,377,7,,433728,,16/AUG/11 12:00:00.000000000 AM
4040995,10561,Climacteris affinis,White-browed Treecreeper,Passerine birds,Acceptable,0,,,Bird transect,03/JUN/1997,-35.47621,141.95538,100,1,,,Seen,FAUNA,10,VIC,345,1,3309,451614,,16/AUG/11 12:00:00.000000000 AM
4040995,10561,Climacteris affinis,White-browed Treecreeper,Passerine birds,Acceptable,0,,,Bird transect,03/JUN/1997,-35.47621,141.95538,100,1,,,Seen,FAUNA,10,VIC,345,1,3309,451614,,16/AUG/11 12:00:00.000000000 AM
4040994,10561,Climacteris affinis,White-browed Treecreeper,Passerine birds,Acceptable,0,High reliability,,Bird transect,03/JUN/1997,-35.47621,141.95538,100,1,,,Seen,FAUNA,10,VIC,345,1,3309,451614,,16/AUG/11 12:00:00.000000000 AM
4040994,10561,Climacteris affinis,White-browed Treecreeper,Passerine birds,Acceptable,0,High reliability,,Bird transect,03/JUN/1997,-35.47621,141.95538,100,1,,,Seen,FAUNA,10,VIC,345,1,3309,451614,,16/AUG/11 12:00:00.000000000 AM
5614704,10561,Climacteris affinis,White-browed Treecreeper,Passerine birds,Acceptable,0,High reliability,,Bird transect,14/SEP/2006,-34.3886,141.41322,100,2,,,Seen,FAUNA,9,VIC,345,1,,931087,,16/AUG/11 12:00:00.000000000 AM
5614887,10561,Climacteris affinis,White-browed Treecreeper,Passerine birds,Acceptable,0,High reliability,,Incidental,17/SEP/2006,-35.44718,141.89265,100,2,,,Seen,FAUNA,2,VIC,345,1,3309,931123,,16/AUG/11 12:00:00.000000000 AM
6995961,10561,Climacteris affinis,White-browed Treecreeper,Passerine birds,Acceptable,,High reliability,Candidate record HDM 2015,Trap (unspecified),20/OCT/1999,-34.41667,141.43333,100,4,,,Captured and released,FAUNA,1,VIC,345,,352,1116858,,15/APR/16 11:12:40.000000000 AM
7016998,10561,Climacteris affinis,White-browed Treecreeper,Passerine birds,Acceptable,,High reliability,Candidate record HDM 2015,Trap (unspecified),27/NOV/1999,-34.41667,141.43333,100,2,,,Captured and released,FAUNA,1,VIC,345,,352,1124491,,15/APR/16 11:12:40.000000000 AM
9013115,10561,Climacteris affinis,White-browed Treecreeper,Passerine birds,Acceptable,0,,,Incidental,25/SEP/2018,-34.395321,141.379447,10,1,,,Heard,FAUNA,12,VIC,345,1,352,1747587,indig,12/JAN/19 11:06:39.274000000 AM
6269129,10561,Climacteris affinis,White-browed Treecreeper,Passerine birds,Unconfirmed,,,Suspect wrong treecreeper species code used here.  Should be White-throated (VBA 10558). M.O'B,Timed bird census,03/AUG/2011,-38.008,145.66161,100,1,,,Heard,FAUNA,5,VIC,311,7,3329,991664,,22/AUG/13 09:44:32.371000000 AM
6269143,10561,Climacteris affinis,White-browed Treecreeper,Passerine birds,Unconfirmed,,,Suspect wrong treecreeper species code used here.  Should be White-throated (VBA 10558). M.O'B,Timed bird census,30/JUN/2011,-38.00284,145.73796,100,1,,,Heard,FAUNA,7,VIC,311,7,3329,991667,,22/AUG/13 09:44:33.886000000 AM
6269142,10561,Climacteris affinis,White-browed Treecreeper,Passerine birds,Unconfirmed,,,Suspect wrong treecreeper species code used here.  Should be White-throated (VBA 10558). M.O'B,Timed bird census,30/JUN/2011,-38.00284,145.73796,100,1,,,Heard,FAUNA,7,VIC,311,7,3329,991667,,22/AUG/13 09:44:33.886000000 AM
4265921,10561,Climacteris affinis,White-browed Treecreeper,Passerine birds,Acceptable,0,High reliability,,General observations,23/OCT/1993,-34.28337,142.24261,100,1,,,Observation,FAUNA,1,VIC,345,1,4887,505682,,16/AUG/11 12:00:00.000000000 AM
4874226,10561,Climacteris affinis,White-browed Treecreeper,Passerine birds,Acceptable,0,High reliability,,Birds Australia 5km area search,23/SEP/1999,-35.66446,142.08467,140,,,,Observation,FAUNA,18,VIC,378,1,234,889984,,16/AUG/11 12:00:00.000000000 AM
5227132,10561,Climacteris affinis,White-browed Treecreeper,Passerine birds,Acceptable,0,High reliability,,Birds Australia 2ha search,20/OCT/2000,-34.26033,141.34511,140,,,,Observation,FAUNA,14,VIC,345,1,,909978,,16/AUG/11 12:00:00.000000000 AM
6268902,10561,Climacteris affinis,White-browed Treecreeper,Passerine birds,Unconfirmed,,,Suspect wrong treecreeper species code used here.  Should be White-throated (VBA 10558). M.O'B,Timed bird census,22/NOV/2011,-38.00817,145.69319,100,1,,,Heard,FAUNA,12,VIC,311,7,3329,991636,,22/AUG/13 09:37:12.668000000 AM
6269094,10561,Climacteris affinis,White-browed Treecreeper,Passerine birds,Unconfirmed,,,Suspect wrong treecreeper species code used here.  Should be White-throated (VBA 10558). M.O'B,Timed bird census,28/JUN/2011,-37.90721,145.56418,100,1,,,Heard,FAUNA,6,VIC,311,7,3253,991658,,22/AUG/13 09:44:28.683000000 AM
7002884,10561,Climacteris affinis,White-browed Treecreeper,Passerine birds,Acceptable,,High reliability,Candidate record HDM 2015,Trap (unspecified),08/OCT/1998,-34.41667,141.43333,100,1,,,Captured and released,FAUNA,1,VIC,345,,352,1119241,,15/APR/16 11:12:40.000000000 AM
7001088,10561,Climacteris affinis,White-browed Treecreeper,Passerine birds,Acceptable,,High reliability,Candidate record HDM 2015,Trap (unspecified),16/JAN/1999,-34.41667,141.43333,100,3,,,Captured and released,FAUNA,1,VIC,345,,352,1118592,,15/APR/16 11:12:40.000000000 AM
7812445,10561,Climacteris affinis,White-browed Treecreeper,Passerine birds,Acceptable,,High reliability,Candidate record HDM 2015,Birds Australia 2ha search,10/JUN/2008,-37.49832,142.34971,100,,,,Observation,FAUNA,18,VIC,362,,3316,1196283,,03/JUN/16 02:02:30.000000000 PM
7812430,10561,Climacteris affinis,White-browed Treecreeper,Passerine birds,Acceptable,,High reliability,Candidate record HDM 2015,Birds Australia 5km area search,04/APR/2005,-35.44406,141.99661,100,,,,Observation,FAUNA,67,VIC,345,,3309,1214409,,03/JUN/16 02:02:30.000000000 PM
9013299,10561,Climacteris affinis,White-browed Treecreeper,Passerine birds,Acceptable,0,,,Incidental,24/SEP/2018,-34.399402,141.400615,10,2,,,Seen,FAUNA,15,VIC,345,1,,1747616,indig,12/JAN/19 11:53:58.993000000 AM
9013307,10561,Climacteris affinis,White-browed Treecreeper,Passerine birds,Acceptable,0,,,Incidental,24/SEP/2018,-34.399402,141.400615,10,1,,,Heard,FAUNA,15,VIC,345,1,,1747616,indig,12/JAN/19 11:53:58.993000000 AM
9014190,10561,Climacteris affinis,White-browed Treecreeper,Passerine birds,,0,,,Incidental,25/SEP/2018,-34.390288,141.391064,10,1,,,Heard,FAUNA,3,VIC,345,1,352,1747986,indig,17/JAN/19 08:55:27.583000000 AM
9014192,10561,Climacteris affinis,White-browed Treecreeper,Passerine birds,,0,,,Incidental,25/SEP/2018,-34.390288,141.391064,10,1,,,Seen,FAUNA,3,VIC,345,1,352,1747986,indig,17/JAN/19 08:55:27.583000000 AM
4040936,10561,Climacteris affinis,White-browed Treecreeper,Passerine birds,Acceptable,0,,,Bird transect,24/JUN/1997,-34.42418,141.43176,100,1,,,Observation,FAUNA,15,VIC,345,1,352,451610,,16/AUG/11 12:00:00.000000000 AM
4040936,10561,Climacteris affinis,White-browed Treecreeper,Passerine birds,Acceptable,0,,,Bird transect,24/JUN/1997,-34.42418,141.43176,100,1,,,Observation,FAUNA,15,VIC,345,1,352,451610,,16/AUG/11 12:00:00.000000000 AM
4040932,10561,Climacteris affinis,White-browed Treecreeper,Passerine birds,Acceptable,0,High reliability,,Bird transect,24/JUN/1997,-34.42418,141.43176,100,1,,,Heard,FAUNA,15,VIC,345,1,352,451610,,16/AUG/11 12:00:00.000000000 AM
6268995,10561,Climacteris affinis,White-browed Treecreeper,Passerine birds,Unconfirmed,,,Suspect wrong treecreeper species code used here.  Should be White-throated (VBA 10558). M.O'B,Timed bird census,21/NOV/2011,-37.96797,145.64241,100,1,,,Heard,FAUNA,16,VIC,311,7,3329,991644,,22/AUG/13 09:37:22.527000000 AM
6995837,10561,Climacteris affinis,White-browed Treecreeper,Passerine birds,Acceptable,,High reliability,Candidate record HDM 2015,Trap (unspecified),13/NOV/1998,-34.41667,141.43333,100,2,,,Captured and released,FAUNA,1,VIC,345,,352,1116823,,15/APR/16 11:12:40.000000000 AM
9013231,10561,Climacteris affinis,White-browed Treecreeper,Passerine birds,,0,,,Bird transect,27/SEP/2018,-34.3724,141.35532,100,1,,,Heard,FAUNA,17,VIC,345,1,,1747612,indig,12/JAN/19 11:44:14.509000000 AM
3802281,10561,Climacteris affinis,White-browed Treecreeper,Passerine birds,Acceptable,0,High reliability,,Timed bird census,20/FEB/1987,-34.42956,141.44267,100,3,,,Observation,FAUNA,13,VIC,345,1,352,582901,,16/AUG/11 12:00:00.000000000 AM
5614682,10561,Climacteris affinis,White-browed Treecreeper,Passerine birds,Acceptable,0,High reliability,,Bird transect,14/SEP/2006,-34.38093,141.38311,100,1,,,Seen,FAUNA,10,VIC,345,1,,931085,,16/AUG/11 12:00:00.000000000 AM
6269180,10561,Climacteris affinis,White-browed Treecreeper,Passerine birds,Unconfirmed,,,Suspect wrong treecreeper species code used here.  Should be White-throated (VBA 10558). M.O'B,Timed bird census,08/AUG/2011,-37.96797,145.64241,100,1,,,Heard,FAUNA,7,VIC,311,7,3329,991674,,22/AUG/13 09:44:38.621000000 AM
7001593,10561,Climacteris affinis,White-browed Treecreeper,Passerine birds,Acceptable,,High reliability,Candidate record HDM 2015,Trap (unspecified),22/SEP/1998,-34.41667,141.43333,100,2,,,Captured and released,FAUNA,1,VIC,345,,352,1118776,,15/APR/16 11:12:40.000000000 AM
7506026,10561,Climacteris affinis,White-browed Treecreeper,Passerine birds,Acceptable,,High reliability,Candidate record HDM 2015,Birds Australia 5km area search,22/AUG/2006,-35.44489,141.99632,100,,,,Observation,FAUNA,25,VIC,345,,3309,1186519,,03/JUN/16 02:02:30.000000000 PM
7812393,10561,Climacteris affinis,White-browed Treecreeper,Passerine birds,Acceptable,,High reliability,Candidate record HDM 2015,Birds Australia 2ha search,14/DEC/2009,-34.40972,141.43971,100,3,,,Observation,FAUNA,9,VIC,345,,352,1199336,,03/JUN/16 02:02:30.000000000 PM
4038734,10561,Climacteris affinis,White-browed Treecreeper,Passerine birds,Acceptable,0,High reliability,,General observations,15/NOV/1997,-35.19501,142.14979,100,2,,Breeding,Seen,FAUNA,22,VIC,345,1,2598,451353,,16/AUG/11 12:00:00.000000000 AM
3797538,10561,Climacteris affinis,White-browed Treecreeper,Passerine birds,Acceptable,0,High reliability,,Timed bird census,15/NOV/1985,-34.39637,141.38919,100,2,,,Observation,FAUNA,9,VIC,345,1,352,581501,,16/AUG/11 12:00:00.000000000 AM
6996528,10561,Climacteris affinis,White-browed Treecreeper,Passerine birds,Acceptable,,High reliability,Candidate record HDM 2015,Trap (unspecified),21/NOV/1998,-34.41667,141.43333,100,3,,,Captured and released,FAUNA,1,VIC,345,,352,1117068,,15/APR/16 11:12:40.000000000 AM
6996581,10561,Climacteris affinis,White-browed Treecreeper,Passerine birds,Acceptable,,High reliability,Candidate record HDM 2015,Trap (unspecified),27/OCT/1999,-34.41667,141.43333,100,4,,,Captured and released,FAUNA,1,VIC,345,,352,1117098,,15/APR/16 11:12:40.000000000 AM
6998443,10561,Climacteris affinis,White-browed Treecreeper,Passerine birds,Acceptable,,High reliability,Candidate record HDM 2015,Trap (unspecified),08/DEC/1998,-34.41667,141.43333,100,3,,,Captured and released,FAUNA,1,VIC,345,,352,1117736,,15/APR/16 11:12:40.000000000 AM
9013281,10561,Climacteris affinis,White-browed Treecreeper,Passerine birds,Acceptable,0,,,Incidental,24/SEP/2018,-34.39113,141.392765,10,1,,,Heard,FAUNA,19,VIC,345,1,352,1747615,indig,12/JAN/19 11:53:57.415000000 AM
9013284,10561,Climacteris affinis,White-browed Treecreeper,Passerine birds,Acceptable,0,,,Incidental,24/SEP/2018,-34.39113,141.392765,10,1,,,Heard,FAUNA,19,VIC,345,1,352,1747615,indig,12/JAN/19 11:53:57.415000000 AM
9013287,10561,Climacteris affinis,White-browed Treecreeper,Passerine birds,Acceptable,0,,,Incidental,24/SEP/2018,-34.39113,141.392765,10,3,,,Heard,FAUNA,19,VIC,345,1,352,1747615,indig,12/JAN/19 11:53:57.415000000 AM
4265919,10561,Climacteris affinis,White-browed Treecreeper,Passerine birds,Acceptable,0,High reliability,,General observations,23/OCT/1993,-34.27975,142.24364,100,1,,,Observation,FAUNA,1,VIC,345,1,4887,505680,,16/AUG/11 12:00:00.000000000 AM
3797552,10561,Climacteris affinis,White-browed Treecreeper,Passerine birds,Acceptable,0,High reliability,,Timed bird census,20/FEB/1986,-34.39637,141.38919,100,1,,,Observation,FAUNA,11,VIC,345,1,352,581503,,16/AUG/11 12:00:00.000000000 AM
3797580,10561,Climacteris affinis,White-browed Treecreeper,Passerine birds,Acceptable,0,High reliability,,Timed bird census,15/NOV/1985,-34.3999,141.41205,100,1,,,Observation,FAUNA,11,VIC,345,1,352,581506,,16/AUG/11 12:00:00.000000000 AM
6995804,10561,Climacteris affinis,White-browed Treecreeper,Passerine birds,Acceptable,,High reliability,Candidate record HDM 2015,Trap (unspecified),24/MAY/1998,-34.41667,141.43333,100,4,,,Captured and released,FAUNA,1,VIC,345,,352,1116808,,15/APR/16 11:12:40.000000000 AM
9013177,10561,Climacteris affinis,White-browed Treecreeper,Passerine birds,,0,,,Camera - Surveillance/Remote,25/SEP/2018,-34.395577,141.397975,10,1,,,Seen,FAUNA,9,VIC,345,1,352,1747604,indig,12/JAN/19 11:09:26.915000000 AM
4262861,10561,Climacteris affinis,White-browed Treecreeper,Passerine birds,Acceptable,0,High reliability,,Incidental,16/OCT/1985,-35.1406,142.18196,100,2,,,Observation,FAUNA,1,VIC,345,1,,503539,,16/AUG/11 12:00:00.000000000 AM
4268275,10561,Climacteris affinis,White-browed Treecreeper,Passerine birds,Acceptable,0,High reliability,,General observations,01/JUN/1994,-35.34784,142.19597,100,2,,,Seen,FAUNA,8,VIC,378,1,237,506871,,16/AUG/11 12:00:00.000000000 AM
3802210,10561,Climacteris affinis,White-browed Treecreeper,Passerine birds,Acceptable,0,High reliability,,Timed bird census,20/FEB/1987,-34.39637,141.38919,100,3,,,Observation,FAUNA,11,VIC,345,1,352,582893,,16/AUG/11 12:00:00.000000000 AM
5043157,10561,Climacteris affinis,White-browed Treecreeper,Passerine birds,Acceptable,0,High reliability,,Birds Australia 500m area search,30/SEP/2000,-35.14288,142.0316,140,,,Breeding,Observation,FAUNA,18,VIC,345,1,,899728,,16/AUG/11 12:00:00.000000000 AM
6995836,10561,Climacteris affinis,White-browed Treecreeper,Passerine birds,Acceptable,,High reliability,Candidate record HDM 2015,Trap (unspecified),12/NOV/1998,-34.41667,141.43333,100,3,,,Captured and released,FAUNA,1,VIC,345,,352,1116822,,15/APR/16 11:12:40.000000000 AM
7003608,10561,Climacteris affinis,White-browed Treecreeper,Passerine birds,Acceptable,,High reliability,Candidate record HDM 2015,Trap (unspecified),26/FEB/1999,-34.41667,141.43333,100,2,,,Captured and released,FAUNA,1,VIC,345,,352,1119476,,15/APR/16 11:12:40.000000000 AM
7812390,10561,Climacteris affinis,White-browed Treecreeper,Passerine birds,Acceptable,,High reliability,Candidate record HDM 2015,Birds Australia 2ha search,31/MAY/2009,-34.42694,141.43388,100,2,,,Observation,FAUNA,5,VIC,345,,352,1174473,,03/JUN/16 02:02:30.000000000 PM
4263052,10561,Climacteris affinis,White-browed Treecreeper,Passerine birds,Acceptable,0,,,Incidental,11/APR/1982,-35.43131,141.93282,100,4,,,Observation,FAUNA,1,VIC,345,1,,503680,,16/AUG/11 12:00:00.000000000 AM
5614431,10561,Climacteris affinis,White-browed Treecreeper,Passerine birds,Acceptable,0,High reliability,,Incidental,12/NOV/2006,-35.34402,142.19521,100,2,,,Seen,FAUNA,3,VIC,378,1,237,931052,,16/AUG/11 12:00:00.000000000 AM
5614879,10561,Climacteris affinis,White-browed Treecreeper,Passerine birds,Acceptable,0,High reliability,,Incidental,16/SEP/2006,-35.16745,142.1769,100,2,,,Seen,FAUNA,3,VIC,345,1,291,931119,,16/AUG/11 12:00:00.000000000 AM
3977917,10561,Climacteris affinis,White-browed Treecreeper,Passerine birds,Acceptable,0,High reliability,,General observations,13/JUL/1994,-34.50044,141.53346,100,4,,,Seen,FAUNA,30,VIC,345,1,168,443236,,16/AUG/11 12:00:00.000000000 AM
3806000,10561,Climacteris affinis,White-browed Treecreeper,Passerine birds,Acceptable,0,High reliability,,Incidental,02/JUN/1987,-34.399,141.41314,100,1,,,Observation,FAUNA,5,VIC,345,1,352,585186,,16/AUG/11 12:00:00.000000000 AM
5294132,10561,Climacteris affinis,White-browed Treecreeper,Passerine birds,Acceptable,0,High reliability,,Birds Australia 500m area search,15/JUN/1999,-35.43147,141.91189,140,,,,Observation,FAUNA,24,VIC,345,1,3309,913635,,16/AUG/11 12:00:00.000000000 AM
6996524,10561,Climacteris affinis,White-browed Treecreeper,Passerine birds,Acceptable,,High reliability,Candidate record HDM 2015,Trap (unspecified),19/NOV/1998,-34.41667,141.43333,100,6,,,Captured and released,FAUNA,1,VIC,345,,352,1117064,,15/APR/16 11:12:40.000000000 AM
4264122,10561,Climacteris affinis,White-browed Treecreeper,Passerine birds,Acceptable,0,High reliability,,General observations,17/AUG/1993,-35.35801,141.96719,100,1,,,Seen,FAUNA,1,VIC,345,1,3309,504568,,16/AUG/11 12:00:00.000000000 AM
4799855,10561,Climacteris affinis,White-browed Treecreeper,Passerine birds,Acceptable,0,High reliability,,Birds Australia 500m area search,23/SEP/1999,-34.50753,141.55965,140,,,,Observation,FAUNA,13,VIC,345,1,168,885950,,16/AUG/11 12:00:00.000000000 AM
5282615,10561,Climacteris affinis,White-browed Treecreeper,Passerine birds,Acceptable,0,High reliability,,Birds Australia 2ha search,29/APR/2000,-34.68794,142.27264,140,,,,Observation,FAUNA,5,VIC,345,1,3296,913048,,16/AUG/11 12:00:00.000000000 AM
5614723,10561,Climacteris affinis,White-browed Treecreeper,Passerine birds,Acceptable,0,High reliability,,Incidental,14/SEP/2006,-34.41582,141.45156,100,2,,,Seen,FAUNA,8,VIC,345,1,,931090,,16/AUG/11 12:00:00.000000000 AM
5614784,10561,Climacteris affinis,White-browed Treecreeper,Passerine birds,Acceptable,0,High reliability,,Bird transect,15/SEP/2006,-34.50724,141.5524,100,1,,,Seen,FAUNA,14,VIC,345,1,168,931101,,16/AUG/11 12:00:00.000000000 AM
7812410,10561,Climacteris affinis,White-browed Treecreeper,Passerine birds,Acceptable,,High reliability,Candidate record HDM 2015,Birds Australia 500m area search,06/MAR/2006,-35.24889,141.19055,100,,,,Observation,FAUNA,25,VIC,345,,59,1186062,,03/JUN/16 02:02:30.000000000 PM
9013328,10561,Climacteris affinis,White-browed Treecreeper,Passerine birds,,0,,,Incidental,24/SEP/2018,-34.416605,141.440884,10,4,,,Heard,FAUNA,17,VIC,345,1,352,1747618,indig,12/JAN/19 11:54:01.743000000 AM
9014208,10561,Climacteris affinis,White-browed Treecreeper,Passerine birds,,0,,,Incidental,26/SEP/2018,-34.390329,141.397863,10,1,,,Seen,FAUNA,3,VIC,345,1,352,1747989,indig,17/JAN/19 08:55:31.474000000 AM
4040860,10561,Climacteris affinis,White-browed Treecreeper,Passerine birds,Acceptable,0,,,Bird transect,26/JUN/1997,-34.38822,141.39894,100,1,,,Seen,FAUNA,10,VIC,345,1,,451604,,16/AUG/11 12:00:00.000000000 AM
4040860,10561,Climacteris affinis,White-browed Treecreeper,Passerine birds,Acceptable,0,,,Bird transect,26/JUN/1997,-34.38822,141.39894,100,1,,,Seen,FAUNA,10,VIC,345,1,,451604,,16/AUG/11 12:00:00.000000000 AM
4040859,10561,Climacteris affinis,White-browed Treecreeper,Passerine birds,Acceptable,0,High reliability,,Bird transect,26/JUN/1997,-34.38822,141.39894,100,1,,,Seen,FAUNA,10,VIC,345,1,,451604,,16/AUG/11 12:00:00.000000000 AM
4040859,10561,Climacteris affinis,White-browed Treecreeper,Passerine birds,Acceptable,0,High reliability,,Bird transect,26/JUN/1997,-34.38822,141.39894,100,1,,,Seen,FAUNA,10,VIC,345,1,,451604,,16/AUG/11 12:00:00.000000000 AM
5212784,10561,Climacteris affinis,White-browed Treecreeper,Passerine birds,Acceptable,0,High reliability,,Birds Australia 2ha search,08/JUN/2001,-34.39812,141.4066,140,,,,Observation,FAUNA,14,VIC,345,1,352,909168,,16/AUG/11 12:00:00.000000000 AM
6268794,10561,Climacteris affinis,White-browed Treecreeper,Passerine birds,Unconfirmed,,,Suspect wrong treecreeper species code used here.  Should be White-throated (VBA 10558). M.O'B,Timed bird census,08/NOV/2011,-37.97155,145.78257,100,1,,,Heard,FAUNA,5,VIC,305,7,3329,991623,,22/AUG/13 09:36:59.496000000 AM
6268901,10561,Climacteris affinis,White-browed Treecreeper,Passerine birds,Unconfirmed,,,Suspect wrong treecreeper species code used here.  Should be White-throated (VBA 10558). M.O'B,General observations,22/NOV/2011,-38.008,145.66161,100,3,,,Heard,FAUNA,11,VIC,311,7,3329,991635,,22/AUG/13 09:37:11.496000000 AM
7001604,10561,Climacteris affinis,White-browed Treecreeper,Passerine birds,Acceptable,,High reliability,Candidate record HDM 2015,Trap (unspecified),21/JAN/1999,-34.41667,141.43333,100,7,,,Captured and released,FAUNA,1,VIC,345,,352,1118783,,15/APR/16 11:12:40.000000000 AM
9013322,10561,Climacteris affinis,White-browed Treecreeper,Passerine birds,,0,,,Incidental,24/SEP/2018,-34.411294,141.406744,10,1,,,Heard,FAUNA,14,VIC,345,1,352,1747617,indig,12/JAN/19 11:54:00.321000000 AM
4268260,10561,Climacteris affinis,White-browed Treecreeper,Passerine birds,Acceptable,0,High reliability,,General observations,12/JUN/1994,-35.3773,141.92119,100,8,,,Seen,FAUNA,19,VIC,345,1,3309,506870,,16/AUG/11 12:00:00.000000000 AM
4268636,10561,Climacteris affinis,White-browed Treecreeper,Passerine birds,Unconfirmed,4,,,General observations,28/AUG/1994,-34.26983,142.2435,100,1,,,Observation,FAUNA,3,VIC,345,1,4887,507025,,16/AUG/11 12:00:00.000000000 AM
6268889,10561,Climacteris affinis,White-browed Treecreeper,Passerine birds,Unconfirmed,,,Suspect wrong treecreeper species code used here.  Should be White-throated (VBA 10558). M.O'B,Timed bird census,22/NOV/2011,-38.00069,145.61644,100,1,,,Seen,FAUNA,9,VIC,311,7,3329,991634,,22/AUG/13 09:37:10.480000000 AM
4040895,10561,Climacteris affinis,White-browed Treecreeper,Passerine birds,Acceptable,0,High reliability,,Bird transect,24/JUN/1997,-34.41513,141.4426,100,1,,,Seen,FAUNA,11,VIC,345,1,352,451607,,16/AUG/11 12:00:00.000000000 AM
4280606,10561,Climacteris affinis,White-browed Treecreeper,Passerine birds,Acceptable,0,High reliability,,General observations,30/JUN/1997,-34.17367,141.59867,100,1,,,Seen,FAUNA,1,VIC,345,1,3320,513640,,16/AUG/11 12:00:00.000000000 AM
5291837,10561,Climacteris affinis,White-browed Treecreeper,Passerine birds,Acceptable,0,High reliability,,Birds Australia 500m area search,23/SEP/2001,-35.43147,141.91189,140,,,,Observation,FAUNA,18,VIC,345,1,3309,913513,,16/AUG/11 12:00:00.000000000 AM
5614802,10561,Climacteris affinis,White-browed Treecreeper,Passerine birds,Acceptable,0,High reliability,,Bird transect,15/SEP/2006,-34.49903,141.56521,100,2,,,Seen,FAUNA,14,VIC,345,1,168,931103,,16/AUG/11 12:00:00.000000000 AM
6269028,10561,Climacteris affinis,White-browed Treecreeper,Passerine birds,Unconfirmed,,,Suspect wrong treecreeper species code used here.  Should be White-throated (VBA 10558). M.O'B,Timed bird census,08/AUG/2011,-37.9702,145.66798,100,1,,,Heard,FAUNA,8,VIC,311,7,3329,991647,,22/AUG/13 09:44:19.980000000 AM
4280602,10561,Climacteris affinis,White-browed Treecreeper,Passerine birds,Acceptable,0,,,General observations,24/JUN/1997,-34.41517,141.43171,100,1,,,Seen,FAUNA,5,VIC,345,1,352,513639,,16/AUG/11 12:00:00.000000000 AM
4280603,10561,Climacteris affinis,White-browed Treecreeper,Passerine birds,Acceptable,0,,,General observations,24/JUN/1997,-34.41517,141.43171,100,2,,,Seen,FAUNA,5,VIC,345,1,352,513639,,16/AUG/11 12:00:00.000000000 AM
4280603,10561,Climacteris affinis,White-browed Treecreeper,Passerine birds,Acceptable,0,,,General observations,24/JUN/1997,-34.41517,141.43171,100,2,,,Seen,FAUNA,5,VIC,345,1,352,513639,,16/AUG/11 12:00:00.000000000 AM
4280603,10561,Climacteris affinis,White-browed Treecreeper,Passerine birds,Acceptable,0,,,General observations,24/JUN/1997,-34.41517,141.43171,100,2,,,Seen,FAUNA,5,VIC,345,1,352,513639,,16/AUG/11 12:00:00.000000000 AM
4280604,10561,Climacteris affinis,White-browed Treecreeper,Passerine birds,Acceptable,0,,,General observations,24/JUN/1997,-34.41517,141.43171,100,2,,,Seen,FAUNA,5,VIC,345,1,352,513639,,16/AUG/11 12:00:00.000000000 AM
4280604,10561,Climacteris affinis,White-browed Treecreeper,Passerine birds,Acceptable,0,,,General observations,24/JUN/1997,-34.41517,141.43171,100,2,,,Seen,FAUNA,5,VIC,345,1,352,513639,,16/AUG/11 12:00:00.000000000 AM
4280604,10561,Climacteris affinis,White-browed Treecreeper,Passerine birds,Acceptable,0,,,General observations,24/JUN/1997,-34.41517,141.43171,100,2,,,Seen,FAUNA,5,VIC,345,1,352,513639,,16/AUG/11 12:00:00.000000000 AM
4280605,10561,Climacteris affinis,White-browed Treecreeper,Passerine birds,Acceptable,0,,,General observations,24/JUN/1997,-34.41517,141.43171,100,1,,,Seen,FAUNA,5,VIC,345,1,352,513639,,16/AUG/11 12:00:00.000000000 AM
4280605,10561,Climacteris affinis,White-browed Treecreeper,Passerine birds,Acceptable,0,,,General observations,24/JUN/1997,-34.41517,141.43171,100,1,,,Seen,FAUNA,5,VIC,345,1,352,513639,,16/AUG/11 12:00:00.000000000 AM
4280605,10561,Climacteris affinis,White-browed Treecreeper,Passerine birds,Acceptable,0,,,General observations,24/JUN/1997,-34.41517,141.43171,100,1,,,Seen,FAUNA,5,VIC,345,1,352,513639,,16/AUG/11 12:00:00.000000000 AM
4280601,10561,Climacteris affinis,White-browed Treecreeper,Passerine birds,Acceptable,0,High reliability,,General observations,24/JUN/1997,-34.41517,141.43171,100,1,,,Seen,FAUNA,5,VIC,345,1,352,513639,,16/AUG/11 12:00:00.000000000 AM
4280601,10561,Climacteris affinis,White-browed Treecreeper,Passerine birds,Acceptable,0,High reliability,,General observations,24/JUN/1997,-34.41517,141.43171,100,1,,,Seen,FAUNA,5,VIC,345,1,352,513639,,16/AUG/11 12:00:00.000000000 AM
3802246,10561,Climacteris affinis,White-browed Treecreeper,Passerine birds,Acceptable,0,High reliability,,Timed bird census,20/FEB/1987,-34.41786,141.43391,100,3,,,Observation,FAUNA,13,VIC,345,1,352,582897,,16/AUG/11 12:00:00.000000000 AM
5614755,10561,Climacteris affinis,White-browed Treecreeper,Passerine birds,Acceptable,0,High reliability,,Incidental,15/SEP/2006,-34.54559,141.51941,100,3,,,Seen,FAUNA,3,VIC,345,1,3320,931096,,16/AUG/11 12:00:00.000000000 AM
5614772,10561,Climacteris affinis,White-browed Treecreeper,Passerine birds,Acceptable,0,High reliability,,Incidental,15/SEP/2006,-34.49328,141.54508,100,2,,,Seen,FAUNA,1,VIC,345,1,,931099,,16/AUG/11 12:00:00.000000000 AM
9013190,10561,Climacteris affinis,White-browed Treecreeper,Passerine birds,,0,,,Camera - Surveillance/Remote,24/SEP/2018,-34.410979,141.406796,10,1,,,Seen,FAUNA,4,VIC,345,1,352,1747608,indig,12/JAN/19 11:09:31.071000000 AM
4040791,10561,Climacteris affinis,White-browed Treecreeper,Passerine birds,Acceptable,0,,,Bird transect,30/JUN/1997,-34.50481,141.5629,100,1,,,Seen,FAUNA,14,VIC,345,1,168,451599,,16/AUG/11 12:00:00.000000000 AM
4040791,10561,Climacteris affinis,White-browed Treecreeper,Passerine birds,Acceptable,0,,,Bird transect,30/JUN/1997,-34.50481,141.5629,100,1,,,Seen,FAUNA,14,VIC,345,1,168,451599,,16/AUG/11 12:00:00.000000000 AM
4040791,10561,Climacteris affinis,White-browed Treecreeper,Passerine birds,Acceptable,0,,,Bird transect,30/JUN/1997,-34.50481,141.5629,100,1,,,Seen,FAUNA,14,VIC,345,1,168,451599,,16/AUG/11 12:00:00.000000000 AM
4040792,10561,Climacteris affinis,White-browed Treecreeper,Passerine birds,Acceptable,0,,,Bird transect,30/JUN/1997,-34.50481,141.5629,100,1,,,Seen,FAUNA,14,VIC,345,1,168,451599,,16/AUG/11 12:00:00.000000000 AM
4040792,10561,Climacteris affinis,White-browed Treecreeper,Passerine birds,Acceptable,0,,,Bird transect,30/JUN/1997,-34.50481,141.5629,100,1,,,Seen,FAUNA,14,VIC,345,1,168,451599,,16/AUG/11 12:00:00.000000000 AM
4040792,10561,Climacteris affinis,White-browed Treecreeper,Passerine birds,Acceptable,0,,,Bird transect,30/JUN/1997,-34.50481,141.5629,100,1,,,Seen,FAUNA,14,VIC,345,1,168,451599,,16/AUG/11 12:00:00.000000000 AM
4040784,10561,Climacteris affinis,White-browed Treecreeper,Passerine birds,Acceptable,0,High reliability,,Bird transect,30/JUN/1997,-34.50481,141.5629,100,1,,,Heard,FAUNA,14,VIC,345,1,168,451599,,16/AUG/11 12:00:00.000000000 AM
4040969,10561,Climacteris affinis,White-browed Treecreeper,Passerine birds,Acceptable,0,,,Bird transect,04/JUN/1997,-35.44049,141.91089,100,1,,,Seen,FAUNA,21,VIC,345,1,3309,451613,,16/AUG/11 12:00:00.000000000 AM
4040969,10561,Climacteris affinis,White-browed Treecreeper,Passerine birds,Acceptable,0,,,Bird transect,04/JUN/1997,-35.44049,141.91089,100,1,,,Seen,FAUNA,21,VIC,345,1,3309,451613,,16/AUG/11 12:00:00.000000000 AM
4040969,10561,Climacteris affinis,White-browed Treecreeper,Passerine birds,Acceptable,0,,,Bird transect,04/JUN/1997,-35.44049,141.91089,100,1,,,Seen,FAUNA,21,VIC,345,1,3309,451613,,16/AUG/11 12:00:00.000000000 AM
4040968,10561,Climacteris affinis,White-browed Treecreeper,Passerine birds,Acceptable,0,High reliability,,Bird transect,04/JUN/1997,-35.44049,141.91089,100,1,,,Seen,FAUNA,21,VIC,345,1,3309,451613,,16/AUG/11 12:00:00.000000000 AM
4040968,10561,Climacteris affinis,White-browed Treecreeper,Passerine birds,Acceptable,0,High reliability,,Bird transect,04/JUN/1997,-35.44049,141.91089,100,1,,,Seen,FAUNA,21,VIC,345,1,3309,451613,,16/AUG/11 12:00:00.000000000 AM
4040968,10561,Climacteris affinis,White-browed Treecreeper,Passerine birds,Acceptable,0,High reliability,,Bird transect,04/JUN/1997,-35.44049,141.91089,100,1,,,Seen,FAUNA,21,VIC,345,1,3309,451613,,16/AUG/11 12:00:00.000000000 AM
3797564,10561,Climacteris affinis,White-browed Treecreeper,Passerine birds,Acceptable,0,High reliability,,Incidental,01/JUN/1986,-34.39637,141.38919,100,1,,,Observation,FAUNA,10,VIC,345,1,352,581504,,16/AUG/11 12:00:00.000000000 AM
4413319,10561,Climacteris affinis,White-browed Treecreeper,Passerine birds,Acceptable,0,High reliability,,Incidental,01/APR/1991,-34.16882,140.9639,100,3,,,Observation,FAUNA,25,VIC,345,1,,696568,,16/AUG/11 12:00:00.000000000 AM
5614797,10561,Climacteris affinis,White-browed Treecreeper,Passerine birds,Acceptable,0,High reliability,,Incidental,15/SEP/2006,-34.50647,141.55999,100,2,,,Seen,FAUNA,4,VIC,345,1,168,931102,,16/AUG/11 12:00:00.000000000 AM
6678539,10561,Climacteris affinis,White-browed Treecreeper,Passerine birds,Unconfirmed,,,"Well out of range, a likely error. Probably incorrect identification",Camera - Surveillance/Remote,13/JAN/2013,-37.9842,141.54273,100,,,,Seen,FAUNA,9,VIC,323,3,,1054026,,12/JUN/14 11:39:06.117000000 AM
7812381,10561,Climacteris affinis,White-browed Treecreeper,Passerine birds,Acceptable,,High reliability,Candidate record HDM 2015,Birds Australia 500m area search,29/DEC/2010,-37.49832,142.34971,100,2,,,Observation,FAUNA,29,VIC,362,,3316,1176247,,03/JUN/16 02:02:30.000000000 PM
4267034,10561,Climacteris affinis,White-browed Treecreeper,Passerine birds,Acceptable,0,High reliability,,General observations,06/JUN/1993,-34.50481,141.5629,100,2,,,Seen,FAUNA,10,VIC,345,1,168,506276,,16/AUG/11 12:00:00.000000000 AM
3797572,10561,Climacteris affinis,White-browed Treecreeper,Passerine birds,Acceptable,0,High reliability,,Timed bird census,14/NOV/1985,-34.3999,141.41205,100,1,,,Observation,FAUNA,5,VIC,345,1,352,581505,,16/AUG/11 12:00:00.000000000 AM
3807148,10561,Climacteris affinis,White-browed Treecreeper,Passerine birds,Acceptable,0,High reliability,,Timed bird census,03/JUN/1987,-34.41786,141.43391,100,2,,,Observation,FAUNA,13,VIC,345,1,352,585354,,16/AUG/11 12:00:00.000000000 AM
4635270,10561,Climacteris affinis,White-browed Treecreeper,Passerine birds,Unconfirmed,4,,,Incidental,12/SEP/1987,-37.21463,144.65206,100,,,,Observation,FAUNA,51,VIC,339,4,,720523,,16/AUG/11 12:00:00.000000000 AM
5614526,10561,Climacteris affinis,White-browed Treecreeper,Passerine birds,Acceptable,0,High reliability,,Bird transect,13/SEP/2006,-34.41602,141.44575,100,1,,,Seen,FAUNA,14,VIC,345,1,352,931065,,16/AUG/11 12:00:00.000000000 AM
6268962,10561,Climacteris affinis,White-browed Treecreeper,Passerine birds,Unconfirmed,,,Suspect wrong treecreeper species code used here.  Should be White-throated (VBA 10558). M.O'B,Timed bird census,23/NOV/2011,-37.94446,145.6928,100,1,,,Heard,FAUNA,14,VIC,311,7,3329,991642,,22/AUG/13 09:37:19.761000000 AM
6269121,10561,Climacteris affinis,White-browed Treecreeper,Passerine birds,Unconfirmed,,,Suspect wrong treecreeper species code used here.  Should be White-throated (VBA 10558). M.O'B,Timed bird census,04/AUG/2011,-38.00426,145.59656,100,2,,,Heard,FAUNA,7,VIC,311,7,3329,991662,,22/AUG/13 09:44:31.355000000 AM
6997179,10561,Climacteris affinis,White-browed Treecreeper,Passerine birds,Acceptable,,High reliability,Candidate record HDM 2015,Trap (unspecified),28/JUN/1998,-34.5,141.55833,100,2,,,Captured and released,FAUNA,1,VIC,345,,168,1117288,,15/APR/16 11:12:40.000000000 AM
4271649,10561,Climacteris affinis,White-browed Treecreeper,Passerine birds,Acceptable,0,High reliability,,General observations,29/JUL/1995,-34.39639,141.60569,100,1,,,Seen,FAUNA,1,VIC,345,1,,508659,,16/AUG/11 12:00:00.000000000 AM
3802228,10561,Climacteris affinis,White-browed Treecreeper,Passerine birds,Acceptable,0,High reliability,,Timed bird census,17/OCT/1986,-34.41786,141.43391,100,3,,,Observation,FAUNA,5,VIC,345,1,352,582895,,16/AUG/11 12:00:00.000000000 AM
5614476,10561,Climacteris affinis,White-browed Treecreeper,Passerine birds,Acceptable,0,High reliability,,Bird transect,13/SEP/2006,-34.40243,141.42196,100,3,,,Seen,FAUNA,13,VIC,345,1,,931061,,16/AUG/11 12:00:00.000000000 AM
5614551,10561,Climacteris affinis,White-browed Treecreeper,Passerine birds,Acceptable,0,High reliability,,Incidental,13/SEP/2006,-34.46574,141.50741,100,2,,,Seen,FAUNA,2,VIC,345,1,,931069,,16/AUG/11 12:00:00.000000000 AM
5614728,10561,Climacteris affinis,White-browed Treecreeper,Passerine birds,Acceptable,0,High reliability,,Incidental,14/SEP/2006,-34.41582,141.45173,100,2,,,Heard,FAUNA,6,VIC,345,1,,931091,,16/AUG/11 12:00:00.000000000 AM
6268977,10561,Climacteris affinis,White-browed Treecreeper,Passerine birds,Unconfirmed,,,Suspect wrong treecreeper species code used here.  Should be White-throated (VBA 10558). M.O'B,Timed bird census,10/NOV/2011,-37.95755,145.73878,100,1,,,Heard,FAUNA,12,VIC,305,7,3329,991643,,22/AUG/13 09:37:21.277000000 AM
6996470,10561,Climacteris affinis,White-browed Treecreeper,Passerine birds,Acceptable,,High reliability,Candidate record HDM 2015,Trap (unspecified),06/JUN/1998,-34.41667,141.43333,100,3,,,Captured and released,FAUNA,1,VIC,345,,352,1117042,,15/APR/16 11:12:40.000000000 AM
6995790,10561,Climacteris affinis,White-browed Treecreeper,Passerine birds,Acceptable,,High reliability,Candidate record HDM 2015,Trap (unspecified),23/MAY/1998,-34.41667,141.43333,100,4,,,Captured and released,FAUNA,1,VIC,345,,352,1116806,,15/APR/16 11:12:40.000000000 AM
6997181,10561,Climacteris affinis,White-browed Treecreeper,Passerine birds,Acceptable,,High reliability,Candidate record HDM 2015,Trap (unspecified),30/JUN/1998,-35.46389,141.99861,100,1,,,Captured and released,FAUNA,1,VIC,378,,3309,1117290,,15/APR/16 11:12:40.000000000 AM
7001039,10561,Climacteris affinis,White-browed Treecreeper,Passerine birds,Acceptable,,High reliability,Candidate record HDM 2015,Trap (unspecified),10/SEP/1998,-34.41667,141.43333,100,2,,,Captured and released,FAUNA,1,VIC,345,,352,1118572,,15/APR/16 11:12:40.000000000 AM
7001594,10561,Climacteris affinis,White-browed Treecreeper,Passerine birds,Acceptable,,High reliability,Candidate record HDM 2015,Trap (unspecified),24/SEP/1998,-34.41667,141.43333,100,1,,,Captured and released,FAUNA,1,VIC,345,,352,1118777,,15/APR/16 11:12:40.000000000 AM
7812429,10561,Climacteris affinis,White-browed Treecreeper,Passerine birds,Acceptable,,High reliability,Candidate record HDM 2015,Birds Australia 5km area search,30/AUG/2003,-34.40711,141.44214,100,,,,Observation,FAUNA,24,VIC,345,,,1176091,,03/JUN/16 02:02:30.000000000 PM
7812419,10561,Climacteris affinis,White-browed Treecreeper,Passerine birds,Acceptable,,High reliability,Candidate record HDM 2015,Birds Australia 2ha search,01/JAN/2009,-37.49832,142.34971,100,2,,,Observation,FAUNA,23,VIC,362,,3316,1200146,,03/JUN/16 02:02:30.000000000 PM
4040927,10561,Climacteris affinis,White-browed Treecreeper,Passerine birds,Acceptable,0,,,Incidental,24/JUN/1997,-34.43316,141.44269,100,1,,,Seen,FAUNA,16,VIC,345,1,352,451609,,16/AUG/11 12:00:00.000000000 AM
4040927,10561,Climacteris affinis,White-browed Treecreeper,Passerine birds,Acceptable,0,,,Incidental,24/JUN/1997,-34.43316,141.44269,100,1,,,Seen,FAUNA,16,VIC,345,1,352,451609,,16/AUG/11 12:00:00.000000000 AM
4040927,10561,Climacteris affinis,White-browed Treecreeper,Passerine birds,Acceptable,0,,,Incidental,24/JUN/1997,-34.43316,141.44269,100,1,,,Seen,FAUNA,16,VIC,345,1,352,451609,,16/AUG/11 12:00:00.000000000 AM
4040926,10561,Climacteris affinis,White-browed Treecreeper,Passerine birds,Acceptable,0,High reliability,,Incidental,24/JUN/1997,-34.43316,141.44269,100,1,,,Seen,FAUNA,16,VIC,345,1,352,451609,,16/AUG/11 12:00:00.000000000 AM
4040926,10561,Climacteris affinis,White-browed Treecreeper,Passerine birds,Acceptable,0,High reliability,,Incidental,24/JUN/1997,-34.43316,141.44269,100,1,,,Seen,FAUNA,16,VIC,345,1,352,451609,,16/AUG/11 12:00:00.000000000 AM
4040926,10561,Climacteris affinis,White-browed Treecreeper,Passerine birds,Acceptable,0,High reliability,,Incidental,24/JUN/1997,-34.43316,141.44269,100,1,,,Seen,FAUNA,16,VIC,345,1,352,451609,,16/AUG/11 12:00:00.000000000 AM
3802194,10561,Climacteris affinis,White-browed Treecreeper,Passerine birds,Acceptable,0,High reliability,,Timed bird census,15/OCT/1986,-34.39637,141.38919,100,2,,,Observation,FAUNA,15,VIC,345,1,352,582890,,16/AUG/11 12:00:00.000000000 AM
5629538,10561,Climacteris affinis,White-browed Treecreeper,Passerine birds,Acceptable,0,,,General observations,19/OCT/2004,-38.36116,146.3872,100,10,,,Heard,FAUNA,17,VIC,337,9,3302,934856,,16/AUG/11 12:00:00.000000000 AM
6268917,10561,Climacteris affinis,White-browed Treecreeper,Passerine birds,Unconfirmed,,,Suspect wrong treecreeper species code used here.  Should be White-throated (VBA 10558). M.O'B,Timed bird census,21/NOV/2011,-37.99023,145.73354,100,1,,,Heard,FAUNA,5,VIC,311,7,3329,991637,,22/AUG/13 09:37:13.933000000 AM
7001055,10561,Climacteris affinis,White-browed Treecreeper,Passerine birds,Acceptable,,High reliability,Candidate record HDM 2015,Trap (unspecified),13/SEP/1998,-34.41667,141.43333,100,2,,,Captured and released,FAUNA,1,VIC,345,,352,1118578,,15/APR/16 11:12:40.000000000 AM
7002906,10561,Climacteris affinis,White-browed Treecreeper,Passerine birds,Acceptable,,High reliability,Candidate record HDM 2015,Trap (unspecified),10/OCT/1998,-34.41667,141.43333,100,2,,,Captured and released,FAUNA,1,VIC,345,,352,1119247,,15/APR/16 11:12:40.000000000 AM
4040767,10561,Climacteris affinis,White-browed Treecreeper,Passerine birds,Acceptable,0,High reliability,,Bird transect,30/JUN/1997,-34.50486,141.552,100,1,,,Heard,FAUNA,9,VIC,345,1,168,451597,,16/AUG/11 12:00:00.000000000 AM
4041017,10561,Climacteris affinis,White-browed Treecreeper,Passerine birds,Acceptable,0,High reliability,,Bird transect,03/JUN/1997,-35.46684,141.99935,100,1,,,Seen,FAUNA,12,VIC,378,1,3309,451616,,16/AUG/11 12:00:00.000000000 AM
4041017,10561,Climacteris affinis,White-browed Treecreeper,Passerine birds,Acceptable,0,High reliability,,Bird transect,03/JUN/1997,-35.46684,141.99935,100,1,,,Seen,FAUNA,12,VIC,378,1,3309,451616,,16/AUG/11 12:00:00.000000000 AM
4041017,10561,Climacteris affinis,White-browed Treecreeper,Passerine birds,Acceptable,0,High reliability,,Bird transect,03/JUN/1997,-35.46684,141.99935,100,1,,,Seen,FAUNA,12,VIC,378,1,3309,451616,,16/AUG/11 12:00:00.000000000 AM
4041018,10561,Climacteris affinis,White-browed Treecreeper,Passerine birds,Acceptable,0,,,Bird transect,03/JUN/1997,-35.46684,141.99935,100,1,,,Seen,FAUNA,12,VIC,378,1,3309,451616,,16/AUG/11 12:00:00.000000000 AM
4041018,10561,Climacteris affinis,White-browed Treecreeper,Passerine birds,Acceptable,0,,,Bird transect,03/JUN/1997,-35.46684,141.99935,100,1,,,Seen,FAUNA,12,VIC,378,1,3309,451616,,16/AUG/11 12:00:00.000000000 AM
4041018,10561,Climacteris affinis,White-browed Treecreeper,Passerine birds,Acceptable,0,,,Bird transect,03/JUN/1997,-35.46684,141.99935,100,1,,,Seen,FAUNA,12,VIC,378,1,3309,451616,,16/AUG/11 12:00:00.000000000 AM
3807123,10561,Climacteris affinis,White-browed Treecreeper,Passerine birds,Acceptable,0,High reliability,,Timed bird census,18/JUN/1986,-34.41786,141.43391,100,1,,,Observation,FAUNA,5,VIC,345,1,352,585351,,16/AUG/11 12:00:00.000000000 AM
4993589,10561,Climacteris affinis,White-browed Treecreeper,Passerine birds,Acceptable,0,High reliability,,Birds Australia 500m area search,29/SEP/1999,-34.50754,141.55856,140,,,,Observation,FAUNA,12,VIC,345,1,168,896691,,16/AUG/11 12:00:00.000000000 AM
5614509,10561,Climacteris affinis,White-browed Treecreeper,Passerine birds,Acceptable,0,High reliability,,Bird transect,13/SEP/2006,-34.42637,141.43457,100,1,,,Seen,FAUNA,16,VIC,345,1,352,931063,,16/AUG/11 12:00:00.000000000 AM
5614657,10561,Climacteris affinis,White-browed Treecreeper,Passerine birds,Acceptable,0,,,Bird transect,14/SEP/2006,-34.36043,141.34993,100,1,,,Heard,FAUNA,15,VIC,345,1,,931081,,16/AUG/11 12:00:00.000000000 AM
5614647,10561,Climacteris affinis,White-browed Treecreeper,Passerine birds,Acceptable,0,High reliability,,Bird transect,14/SEP/2006,-34.36043,141.34993,100,1,,,Seen,FAUNA,15,VIC,345,1,,931081,,16/AUG/11 12:00:00.000000000 AM
6996526,10561,Climacteris affinis,White-browed Treecreeper,Passerine birds,Acceptable,,High reliability,Candidate record HDM 2015,Trap (unspecified),20/NOV/1998,-34.41667,141.43333,100,1,,,Captured and released,FAUNA,1,VIC,345,,352,1117066,,15/APR/16 11:12:40.000000000 AM
7812379,10561,Climacteris affinis,White-browed Treecreeper,Passerine birds,Acceptable,,High reliability,Candidate record HDM 2015,Birds Australia 2ha search,07/SEP/2003,-35.45767,141.99716,100,,,,Observation,FAUNA,11,VIC,345,,3309,1194637,,03/JUN/16 02:02:30.000000000 PM
7470577,10561,Climacteris affinis,White-browed Treecreeper,Passerine birds,Acceptable,,High reliability,Candidate record HDM 2015,Birds Australia 500m area search,09/APR/2005,-35.14072,142.03105,100,,,,Observation,FAUNA,26,VIC,345,,,1208599,,03/JUN/16 02:02:30.000000000 PM
4280279,10561,Climacteris affinis,White-browed Treecreeper,Passerine birds,Acceptable,0,High reliability,,General observations,15/NOV/1997,-35.19671,142.1608,100,1,,,Seen,FAUNA,2,VIC,345,1,2598,513452,,16/AUG/11 12:00:00.000000000 AM
3797607,10561,Climacteris affinis,White-browed Treecreeper,Passerine birds,Acceptable,0,High reliability,,Timed bird census,19/FEB/1986,-34.41786,141.43391,100,1,,,Observation,FAUNA,7,VIC,345,1,352,581510,,16/AUG/11 12:00:00.000000000 AM
3807133,10561,Climacteris affinis,White-browed Treecreeper,Passerine birds,Acceptable,0,High reliability,,Timed bird census,02/JUN/1987,-34.41786,141.43391,100,2,,,Observation,FAUNA,11,VIC,345,1,352,585353,,16/AUG/11 12:00:00.000000000 AM
5614836,10561,Climacteris affinis,White-browed Treecreeper,Passerine birds,Acceptable,0,High reliability,,Incidental,15/SEP/2006,-34.5416,141.60374,100,1,,,Heard,FAUNA,3,VIC,345,1,,931106,,16/AUG/11 12:00:00.000000000 AM
7812439,10561,Climacteris affinis,White-browed Treecreeper,Passerine birds,Acceptable,,High reliability,Candidate record HDM 2015,Birds Australia 2ha search,18/NOV/2007,-34.40972,141.43971,100,1,,,Observation,FAUNA,11,VIC,345,,352,1199436,,03/JUN/16 02:02:30.000000000 PM
8327351,10561,Climacteris affinis,White-browed Treecreeper,Passerine birds,Unconfirmed,4,,Error - well out of range. Suspect data entry error,Camera - Surveillance/Remote,26/NOV/2013,-38.018757,141.612279,10,,,,Seen,FAUNA,2,VIC,323,3,,1249062,,12/SEP/16 03:46:55.000000000 PM
4265077,10561,Climacteris affinis,White-browed Treecreeper,Passerine birds,Confirmed,0,High reliability,,General observations,10/OCT/1993,-34.28789,142.24159,100,1,,,Observation,FAUNA,1,VIC,345,1,4887,505174,,16/AUG/11 12:00:00.000000000 AM
3806007,10561,Climacteris affinis,White-browed Treecreeper,Passerine birds,Acceptable,0,High reliability,,Incidental,02/JUN/1987,-34.41786,141.43391,100,1,,,Observation,FAUNA,8,VIC,345,1,352,585187,,16/AUG/11 12:00:00.000000000 AM
4750796,10561,Climacteris affinis,White-browed Treecreeper,Passerine birds,Acceptable,0,High reliability,,Birds Australia 5km area search,05/MAY/1999,-35.58452,142.05048,100,,,,Observation,FAUNA,37,VIC,378,1,3309,883392,,16/AUG/11 12:00:00.000000000 AM
7812389,10561,Climacteris affinis,White-browed Treecreeper,Passerine birds,Acceptable,,High reliability,Candidate record HDM 2015,Birds Australia 2ha search,31/MAY/2009,-34.40972,141.43971,100,1,,,Observation,FAUNA,7,VIC,345,,352,1174474,,03/JUN/16 02:02:30.000000000 PM
7812383,10561,Climacteris affinis,White-browed Treecreeper,Passerine birds,Acceptable,,High reliability,Candidate record HDM 2015,Birds Australia 2ha search,24/OCT/2009,-34.50833,141.55082,100,1,,,Observation,FAUNA,5,VIC,345,,168,1212171,,03/JUN/16 02:02:30.000000000 PM
5614414,10561,Climacteris affinis,White-browed Treecreeper,Passerine birds,Acceptable,0,High reliability,,Incidental,12/NOV/2006,-35.45589,141.99862,100,2,,,Seen,FAUNA,4,VIC,345,1,3309,931047,,16/AUG/11 12:00:00.000000000 AM
6269138,10561,Climacteris affinis,White-browed Treecreeper,Passerine birds,Unconfirmed,,,Suspect wrong treecreeper species code used here.  Should be White-throated (VBA 10558). M.O'B,Timed bird census,30/JUN/2011,-37.99023,145.73354,100,1,,,Heard,FAUNA,2,VIC,311,7,3329,991666,,22/AUG/13 09:44:33.496000000 AM
6999086,10561,Climacteris affinis,White-browed Treecreeper,Passerine birds,Acceptable,,High reliability,Candidate record HDM 2015,Trap (unspecified),11/AUG/1998,-34.41667,141.43333,100,1,,,Captured and released,FAUNA,2,VIC,345,,352,1117956,,15/APR/16 11:12:40.000000000 AM
7003605,10561,Climacteris affinis,White-browed Treecreeper,Passerine birds,Acceptable,,High reliability,Candidate record HDM 2015,Trap (unspecified),25/FEB/1999,-34.41667,141.43333,100,1,,,Captured and released,FAUNA,1,VIC,345,,352,1119474,,15/APR/16 11:12:40.000000000 AM
7045465,10561,Climacteris affinis,White-browed Treecreeper,Passerine birds,Acceptable,,High reliability,Candidate record HDM 2015,Trap (unspecified),13/AUG/1998,-34.41667,141.43333,100,5,,,Captured and released,FAUNA,1,VIC,345,,352,1134554,,15/APR/16 11:12:40.000000000 AM
7812400,10561,Climacteris affinis,White-browed Treecreeper,Passerine birds,Acceptable,,High reliability,Candidate record HDM 2015,Birds Australia 500m area search,01/FEB/2010,-36.78462,141.75774,100,,,,Observation,FAUNA,34,VIC,332,,,1182484,,03/JUN/16 02:02:30.000000000 PM
7812392,10561,Climacteris affinis,White-browed Treecreeper,Passerine birds,Acceptable,,High reliability,Candidate record HDM 2015,Birds Australia 2ha search,14/DEC/2009,-34.42694,141.43388,100,1,,,Observation,FAUNA,9,VIC,345,,352,1210116,,03/JUN/16 02:02:30.000000000 PM
4041025,10561,Climacteris affinis,White-browed Treecreeper,Passerine birds,Acceptable,0,High reliability,,Incidental,03/JUN/1996,-35.44881,141.99913,100,1,,,Seen,FAUNA,34,VIC,345,1,3309,451617,,16/AUG/11 12:00:00.000000000 AM
4041025,10561,Climacteris affinis,White-browed Treecreeper,Passerine birds,Acceptable,0,High reliability,,Incidental,03/JUN/1996,-35.44881,141.99913,100,1,,,Seen,FAUNA,34,VIC,345,1,3309,451617,,16/AUG/11 12:00:00.000000000 AM
4041025,10561,Climacteris affinis,White-browed Treecreeper,Passerine birds,Acceptable,0,High reliability,,Incidental,03/JUN/1996,-35.44881,141.99913,100,1,,,Seen,FAUNA,34,VIC,345,1,3309,451617,,16/AUG/11 12:00:00.000000000 AM
4041059,10561,Climacteris affinis,White-browed Treecreeper,Passerine birds,Acceptable,0,High reliability,,Incidental,04/JUN/1997,-35.4398,141.99902,100,1,,,Seen,FAUNA,24,VIC,345,1,3309,451618,,16/AUG/11 12:00:00.000000000 AM
4041059,10561,Climacteris affinis,White-browed Treecreeper,Passerine birds,Acceptable,0,High reliability,,Incidental,04/JUN/1997,-35.4398,141.99902,100,1,,,Seen,FAUNA,24,VIC,345,1,3309,451618,,16/AUG/11 12:00:00.000000000 AM
4041059,10561,Climacteris affinis,White-browed Treecreeper,Passerine birds,Acceptable,0,High reliability,,Incidental,04/JUN/1997,-35.4398,141.99902,100,1,,,Seen,FAUNA,24,VIC,345,1,3309,451618,,16/AUG/11 12:00:00.000000000 AM
4041113,10561,Climacteris affinis,White-browed Treecreeper,Passerine birds,Acceptable,0,High reliability,,Bird transect,01/JUN/1997,-35.142,142.0283,100,2,,,Seen,FAUNA,10,VIC,345,1,319,451621,,16/AUG/11 12:00:00.000000000 AM
4041113,10561,Climacteris affinis,White-browed Treecreeper,Passerine birds,Acceptable,0,High reliability,,Bird transect,01/JUN/1997,-35.142,142.0283,100,2,,,Seen,FAUNA,10,VIC,345,1,319,451621,,16/AUG/11 12:00:00.000000000 AM
4041113,10561,Climacteris affinis,White-browed Treecreeper,Passerine birds,Acceptable,0,High reliability,,Bird transect,01/JUN/1997,-35.142,142.0283,100,2,,,Seen,FAUNA,10,VIC,345,1,319,451621,,16/AUG/11 12:00:00.000000000 AM
4266993,10561,Climacteris affinis,White-browed Treecreeper,Passerine birds,Acceptable,0,High reliability,,General observations,09/MAY/1992,-34.50481,141.5629,100,2,,,Seen,FAUNA,10,VIC,345,1,168,506271,,16/AUG/11 12:00:00.000000000 AM
3797544,10561,Climacteris affinis,White-browed Treecreeper,Passerine birds,Acceptable,0,High reliability,,Timed bird census,19/FEB/1986,-34.39637,141.38919,100,1,,,Observation,FAUNA,5,VIC,345,1,352,581502,,16/AUG/11 12:00:00.000000000 AM
3797663,10561,Climacteris affinis,White-browed Treecreeper,Passerine birds,Acceptable,0,High reliability,,Timed bird census,20/FEB/1986,-34.42956,141.44267,100,1,,,Observation,FAUNA,10,VIC,345,1,352,581516,,16/AUG/11 12:00:00.000000000 AM
3807161,10561,Climacteris affinis,White-browed Treecreeper,Passerine birds,Acceptable,0,High reliability,,Timed bird census,02/JUN/1987,-34.42956,141.44267,100,1,,,Observation,FAUNA,8,VIC,345,1,352,585357,,16/AUG/11 12:00:00.000000000 AM
5614866,10561,Climacteris affinis,White-browed Treecreeper,Passerine birds,Acceptable,0,High reliability,,Incidental,16/SEP/2006,-35.1447,142.0313,100,1,,,Seen,FAUNA,4,VIC,345,1,319,931113,,16/AUG/11 12:00:00.000000000 AM
6999046,10561,Climacteris affinis,White-browed Treecreeper,Passerine birds,Acceptable,,High reliability,Candidate record HDM 2015,Trap (unspecified),07/AUG/1998,-35.45,142,100,2,,,Captured and released,FAUNA,2,VIC,345,,3309,1117945,,15/APR/16 11:12:40.000000000 AM
3953727,10561,Climacteris affinis,White-browed Treecreeper,Passerine birds,Unconfirmed,4,,,General observations,04/MAY/1993,-37.6967,145.542,100,,,,Observation,FAUNA,43,VIC,377,7,,433538,,16/AUG/11 12:00:00.000000000 AM
3797618,10561,Climacteris affinis,White-browed Treecreeper,Passerine birds,Acceptable,0,High reliability,,Timed bird census,20/FEB/1986,-34.41786,141.43391,100,2,,,Observation,FAUNA,13,VIC,345,1,352,581511,,16/AUG/11 12:00:00.000000000 AM
3797637,10561,Climacteris affinis,White-browed Treecreeper,Passerine birds,Acceptable,0,High reliability,,Timed bird census,14/NOV/1985,-34.42956,141.44267,100,1,,,Observation,FAUNA,5,VIC,345,1,352,581513,,16/AUG/11 12:00:00.000000000 AM
5053592,10561,Climacteris affinis,White-browed Treecreeper,Passerine birds,Acceptable,0,High reliability,,Birds Australia 500m area search,23/SEP/2000,-34.33122,141.45194,140,,,,Observation,FAUNA,16,VIC,345,1,,900305,,16/AUG/11 12:00:00.000000000 AM
5614513,10561,Climacteris affinis,White-browed Treecreeper,Passerine birds,Acceptable,0,High reliability,,Bird transect,13/SEP/2006,-34.4301,141.44028,100,3,,,Seen,FAUNA,13,VIC,345,1,352,931064,,16/AUG/11 12:00:00.000000000 AM
6997174,10561,Climacteris affinis,White-browed Treecreeper,Passerine birds,Acceptable,,High reliability,Candidate record HDM 2015,Trap (unspecified),27/JUN/1998,-34.5,141.55833,100,2,,,Captured and released,FAUNA,1,VIC,345,,168,1117286,,15/APR/16 11:12:40.000000000 AM
4250774,10561,Climacteris affinis,White-browed Treecreeper,Passerine birds,Acceptable,0,High reliability,,General observations,07/OCT/1985,-34.36046,141.33574,100,,,,Observation,FAUNA,1,VIC,345,1,,497055,,16/AUG/11 12:00:00.000000000 AM
4273025,10561,Climacteris affinis,White-browed Treecreeper,Passerine birds,Acceptable,0,High reliability,,General observations,11/OCT/1995,-34.77338,141.89257,100,2,,,Observation,FAUNA,5,VIC,345,1,3320,509443,,16/AUG/11 12:00:00.000000000 AM
5614694,10561,Climacteris affinis,White-browed Treecreeper,Passerine birds,Acceptable,0,High reliability,,Bird transect,14/SEP/2006,-34.3888,141.40418,100,1,,,Seen,FAUNA,11,VIC,345,1,,931086,,16/AUG/11 12:00:00.000000000 AM
5614759,10561,Climacteris affinis,White-browed Treecreeper,Passerine birds,Acceptable,0,High reliability,,Incidental,15/SEP/2006,-34.54558,141.52012,100,2,,,Seen,FAUNA,4,VIC,345,1,3320,931097,,16/AUG/11 12:00:00.000000000 AM
6269011,10561,Climacteris affinis,White-browed Treecreeper,Passerine birds,Unconfirmed,,,Suspect wrong treecreeper species code used here.  Should be White-throated (VBA 10558). M.O'B,Timed bird census,21/NOV/2011,-37.95832,145.69067,100,1,,,Heard,FAUNA,8,VIC,311,7,3329,991645,,22/AUG/13 09:37:24.308000000 AM
6269133,10561,Climacteris affinis,White-browed Treecreeper,Passerine birds,Unconfirmed,,,Suspect wrong treecreeper species code used here.  Should be White-throated (VBA 10558). M.O'B,Timed bird census,03/AUG/2011,-38.00817,145.69319,100,1,,,Heard,FAUNA,4,VIC,311,7,3329,991665,,22/AUG/13 09:44:32.871000000 AM
6269197,10561,Climacteris affinis,White-browed Treecreeper,Passerine birds,Unconfirmed,,,Suspect wrong treecreeper species code used here.  Should be White-throated (VBA 10558). M.O'B,Timed bird census,25/JUL/2011,-38.00922,145.80595,100,1,,,Heard,FAUNA,3,VIC,305,7,3329,991678,,22/AUG/13 09:44:41.511000000 AM
6996507,10561,Climacteris affinis,White-browed Treecreeper,Passerine birds,Acceptable,,High reliability,Candidate record HDM 2015,Trap (unspecified),08/JUN/1998,-34.39167,141.4,100,1,,,Captured and released,FAUNA,2,VIC,345,,352,1117051,,15/APR/16 11:12:40.000000000 AM
6996520,10561,Climacteris affinis,White-browed Treecreeper,Passerine birds,Acceptable,,High reliability,Candidate record HDM 2015,Trap (unspecified),16/NOV/1998,-35.44611,142.00389,100,4,,,Captured and released,FAUNA,1,VIC,345,,3309,1117060,,15/APR/16 11:12:40.000000000 AM
4040776,10561,Climacteris affinis,White-browed Treecreeper,Passerine birds,Acceptable,0,,,Bird transect,30/JUN/1997,-34.4959,141.54106,100,1,,,Seen,FAUNA,13,VIC,345,1,168,451598,,16/AUG/11 12:00:00.000000000 AM
4040776,10561,Climacteris affinis,White-browed Treecreeper,Passerine birds,Acceptable,0,,,Bird transect,30/JUN/1997,-34.4959,141.54106,100,1,,,Seen,FAUNA,13,VIC,345,1,168,451598,,16/AUG/11 12:00:00.000000000 AM
4040775,10561,Climacteris affinis,White-browed Treecreeper,Passerine birds,Acceptable,0,High reliability,,Bird transect,30/JUN/1997,-34.4959,141.54106,100,1,,,Seen,FAUNA,13,VIC,345,1,168,451598,,16/AUG/11 12:00:00.000000000 AM
4040775,10561,Climacteris affinis,White-browed Treecreeper,Passerine birds,Acceptable,0,High reliability,,Bird transect,30/JUN/1997,-34.4959,141.54106,100,1,,,Seen,FAUNA,13,VIC,345,1,168,451598,,16/AUG/11 12:00:00.000000000 AM
4250773,10561,Climacteris affinis,White-browed Treecreeper,Passerine birds,Acceptable,0,High reliability,,General observations,01/SEP/1985,-34.41331,141.44585,100,,,,Observation,FAUNA,1,VIC,345,1,352,497054,,16/AUG/11 12:00:00.000000000 AM
3797644,10561,Climacteris affinis,White-browed Treecreeper,Passerine birds,Acceptable,0,High reliability,,Timed bird census,15/NOV/1985,-34.42956,141.44267,100,1,,,Observation,FAUNA,8,VIC,345,1,352,581514,,16/AUG/11 12:00:00.000000000 AM
3802219,10561,Climacteris affinis,White-browed Treecreeper,Passerine birds,Acceptable,0,High reliability,,Timed bird census,15/OCT/1986,-34.41786,141.43391,100,2,,,Observation,FAUNA,8,VIC,345,1,352,582894,,16/AUG/11 12:00:00.000000000 AM
6268930,10561,Climacteris affinis,White-browed Treecreeper,Passerine birds,Unconfirmed,,,Suspect wrong treecreeper species code used here.  Should be White-throated (VBA 10558). M.O'B,Timed bird census,08/NOV/2011,-38.00284,145.73796,100,1,,,Heard,FAUNA,15,VIC,311,7,3329,991638,,22/AUG/13 09:37:14.621000000 AM
6996486,10561,Climacteris affinis,White-browed Treecreeper,Passerine birds,Acceptable,,High reliability,Candidate record HDM 2015,Trap (unspecified),07/JUN/1998,-34.41667,141.43333,100,3,,,Captured and released,FAUNA,1,VIC,345,,352,1117047,,15/APR/16 11:12:40.000000000 AM
6998448,10561,Climacteris affinis,White-browed Treecreeper,Passerine birds,Acceptable,,High reliability,Candidate record HDM 2015,Trap (unspecified),10/DEC/1998,-34.41667,141.43333,100,1,,,Captured and released,FAUNA,1,VIC,345,,352,1117740,,15/APR/16 11:12:40.000000000 AM
7003534,10561,Climacteris affinis,White-browed Treecreeper,Passerine birds,Acceptable,,High reliability,Candidate record HDM 2015,Trap (unspecified),12/OCT/1998,-34.41667,141.43333,100,1,,,Captured and released,FAUNA,1,VIC,345,,352,1119453,,15/APR/16 11:12:40.000000000 AM
3797601,10561,Climacteris affinis,White-browed Treecreeper,Passerine birds,Acceptable,0,High reliability,,Timed bird census,15/NOV/1985,-34.41786,141.43391,100,3,,,Observation,FAUNA,9,VIC,345,1,352,581509,,16/AUG/11 12:00:00.000000000 AM
3797652,10561,Climacteris affinis,White-browed Treecreeper,Passerine birds,Acceptable,0,High reliability,,Timed bird census,19/FEB/1986,-34.42956,141.44267,100,1,,,Observation,FAUNA,10,VIC,345,1,352,581515,,16/AUG/11 12:00:00.000000000 AM
3802234,10561,Climacteris affinis,White-browed Treecreeper,Passerine birds,Acceptable,0,High reliability,,Timed bird census,19/FEB/1987,-34.41786,141.43391,100,2,,,Observation,FAUNA,9,VIC,345,1,352,582896,,16/AUG/11 12:00:00.000000000 AM
5043224,10561,Climacteris affinis,White-browed Treecreeper,Passerine birds,Acceptable,0,High reliability,,Birds Australia 500m area search,05/OCT/2000,-35.113,141.81066,140,,,,Observation,FAUNA,33,VIC,345,1,,899730,,16/AUG/11 12:00:00.000000000 AM
6268856,10561,Climacteris affinis,White-browed Treecreeper,Passerine birds,Unconfirmed,,,Suspect wrong treecreeper species code used here.  Should be White-throated (VBA 10558). M.O'B,Timed bird census,22/NOV/2011,-38.01157,145.58355,100,1,,,Heard,FAUNA,19,VIC,311,7,3329,991631,,22/AUG/13 09:37:06.886000000 AM
6269023,10561,Climacteris affinis,White-browed Treecreeper,Passerine birds,Unconfirmed,,,Suspect wrong treecreeper species code used here.  Should be White-throated (VBA 10558). M.O'B,Timed bird census,23/NOV/2011,-37.98102,145.61398,100,1,,,Heard,FAUNA,14,VIC,311,7,3329,991646,,22/AUG/13 09:37:25.199000000 AM
6269102,10561,Climacteris affinis,White-browed Treecreeper,Passerine birds,Unconfirmed,,,Suspect wrong treecreeper species code used here.  Should be White-throated (VBA 10558). M.O'B,Timed bird census,02/AUG/2011,-37.8592,145.58469,100,1,,,Heard,FAUNA,7,VIC,377,7,3253,991659,,22/AUG/13 09:44:29.293000000 AM
6999087,10561,Climacteris affinis,White-browed Treecreeper,Passerine birds,Acceptable,,High reliability,Candidate record HDM 2015,Trap (unspecified),12/AUG/1998,-34.41667,141.43333,100,4,,,Captured and released,FAUNA,1,VIC,345,,352,1117957,,15/APR/16 11:12:40.000000000 AM
7001113,10561,Climacteris affinis,White-browed Treecreeper,Passerine birds,Acceptable,,High reliability,Candidate record HDM 2015,Trap (unspecified),17/JAN/1999,-34.41667,141.43333,100,1,,,Captured and released,FAUNA,1,VIC,345,,352,1118595,,15/APR/16 11:12:40.000000000 AM
7812384,10561,Climacteris affinis,White-browed Treecreeper,Passerine birds,Acceptable,,High reliability,Candidate record HDM 2015,Birds Australia 2ha search,18/OCT/2009,-34.63806,141.83027,100,2,,,Observation,FAUNA,14,VIC,345,,3320,1183147,,03/JUN/16 02:02:30.000000000 PM
9014202,10561,Climacteris affinis,White-browed Treecreeper,Passerine birds,Acceptable,0,,,Incidental,26/SEP/2018,-34.399034,141.397045,10,1,,,Heard,FAUNA,10,VIC,345,1,,1747987,indig,17/JAN/19 08:55:28.708000000 AM
